"Compounds ID","Score2","Name","Formula"
3386,4.88539472360478,"","C13 H10 Cl3 O4 P S2"
5812,3.50874637923078,"","C8 H3 Cl N2 O13 S2"
2751,0.849866049900998,"Gallicynoic acid H","C16 H28 O4"
535,2.67691177457604,"Pentalinonside","C28 H42 O7"
945,2.37062007188524,"6-Bromo-5E,9Z,13Z,24Z-heptacosatetraenoic acid","C26 H43 Br O2"
525,3.01487184404293,"LMST01031185","C28 H42 O5"
1926,3.4268549822414,"4-keto pentadecanoic acid","C15 H28 O3"
3077,4.17024141524113,"","C13 H20 O2"
5020,3.85902845982595,"","C2 H5 Cl N2 O10 S"
5391,3.85902845982595,"","C4 H3 Cl2 N4 O7 P"
4745,7.54299233137454,"","C14 H23 O4 P"
1959,3.53045284544561,"9-phenyl nonanoic acid","C15 H22 O2"
2514,2.71366358694388,"Mycinonic acid III","C13 H20 O4"
2342,4.19274916997804,"Cladosporester A","C13 H24 O4"
3202,3.06887260542991,"","C10 H12 N2 O5"
4525,2.3706690786957,"Undecanedioic acid","C11 H20 O4"
2601,3.49150349066171,"PG 2:0_17:0","C25 H49 O10 P"
544,3.27709639645975,"","C28 H40 O6"
2412,2.18728599045539,"Gallicynoic acid H","C16 H28 O4"
3495,3.20168181762713,"Gallicynoic acid H","C16 H28 O4"
2,2.08688006508592,"ST 24:1;O5","C24 H40 O5"
121,2.06879005680927,"PI(22:0/12:0)","C43 H83 O13 P"
194,3.85220843707945,"","C16 H10 O2"
204,2.89669837465765,"threo-9,10-Dihydroxystearic acid","C18 H36 O4"
914,1.97756378320241,"","C8 H16 O S3"
1112,2.32106648963838,"9,10-epoxy-11,13-docosadiynoic acid","C22 H34 O3"
3063,1.12537708832697,"Gallicynoic acid H","C16 H28 O4"
1593,3.12015437464657,"","C21 H35 N6 O2 P"
1701,3.53305462284869,"Ambrettolic acid","C16 H30 O3"
4419,2.82023920275404,"","C20 H46 N2 O6 P2"
3056,2.901233188161,"PI(P-16:0/0:0)","C25 H49 O11 P"
985,3.25039489815489,"","C26 H39 Cl O5"
2674,3.17755831483933,"","C20 H42 N8 O8 S"
3294,2.66832857192143,"","C23 H48 N4 O5 P2 S"
3326,4.59364454814859,"","C25 H47 O11 P"
3788,6.62679781003084,"","C11 H16 N4 O S"
89,2.46240129711568,"","C44 H79 N4 O7 P"
248,2.73051714734956,"Scillarenin","C24 H32 O4"
615,1.83445445472551,"","C24 H36 N6 O4"
5634,2.62121103068224,"","C6 H10 Cl3 O4 P"
4417,2.93170758141917,"","C20 H28 Cl N4 O2 P"
4993,3.70505077019242,"","C13 H22 O3"
5345,4.18155774237111,"","C13 H14 N4 O"
2852,3.27453273152346,"2-methyl-tridecanedioic acid","C14 H26 O4"
38,1.48657145786209,"1-O-(1E,3E,5E,7E,9E-heneicosapentenyl)-sn-glycerol","C24 H40 O3"
97,1.45369130371225,"",""
165,1.8251449757716,"FAHFA 2:0/22:4","C24 H38 O4"
172,4.10755275003126,"testolic acid","C19 H28 O4"
213,1.56895024791775,"FAHFA 7:0/11:0","C18 H34 O4"
229,1.8251449757716,"Cholic acid","C24 H40 O5"
372,1.93438018756088,"MG(0:0/22:5(7Z,10Z,13Z,16Z,19Z)/0:0)","C25 H40 O4"
420,7.38680023749201,"","C18 H14 N2 O2"
455,1.49444610818112,"","C26 H44 N10 O4"
538,0.925309843034501,"","C14 H21 N O3"
666,3.23157323362441,"Mumiamicin","C15 H22 O3"
809,1.70712415992292,"MG(0:0/22:6(4Z,7Z,10Z,13Z,16Z,19Z)/0:0)","C25 H38 O4"
1122,1.90832992838526,"","C24 H55 N8 O3 P S"
1178,2.28977575801205,"Lesquerolic acid","C20 H38 O3"
4763,1.99291830813645,"FAHFA 2:0/20:0","C22 H42 O4"
4534,1.68907982298604,"Gallicynoic acid H","C16 H28 O4"
824,2.06195826299458,"Mumiamicin","C15 H22 O3"
923,3.28755378127895,"2-hydroxy palmitic acid","C16 H32 O3"
1318,1.77449796968649,"","C20 H38 Cl N4 O3 P"
1538,3.19348457529495,"2-hydroxy palmitic acid","C16 H32 O3"
1698,2.00212255830872,"","C20 H41 N8 O3 P S"
2070,1.96551574643867,"Resolvin T1","C22 H34 O5"
2291,1.8887005877595,"","C22 H36 N6 O5"
2564,2.79969371053265,"","C16 H8 O4"
477,2.46563494268234,"Pentalinonside","C28 H42 O7"
3100,3.20278132572416,"PE O-24:6_2:0","C31 H52 N O7 P"
4408,2.17585117136933,"","C9 H3 Cl2 N2 O12 P"
5009,3.57707733265978,"Embelin","C17 H26 O4"
507,1.06690199816508,"Demethylbatatasin IV","C14 H14 O3"
604,0.675014586309805,"","C33 H48 N3 O5 P"
781,3.27499160748577,"","C14 H10 O2"
873,0.887340225608334,"","C20 H38 Cl N4 O3 P"
877,5.179033884905,"","C11 H15 N5 S"
1366,4.14976967640156,"16,16-dimethyl-PGD2","C22 H36 O5"
1526,2.1989413212349,"2-hydroxy-heptadecanoic acid","C17 H34 O3"
1754,2.54632773432467,"","C22 H32 N6 O2"
1869,4.97496494190391,"","C16 H12 O2"
2019,3.801916419438,"3E,9Z,12Z,15Z-octadecatetraenoic acid","C18 H28 O2"
2339,3.95427578344889,"methyl 8-[3,5-epidioxy-2-(3-hydroperoxy-1-pentenyl)-cyclopentyl]-octanoate","C22 H36 O6"
2669,2.96670350872294,"3-Hydroxy-11-methyl-stearic acid","C19 H38 O3"
4,3.47584553816031,"ST 24:1;O4","C24 H40 O4"
550,2.54089917171863,"","C22 H43 N4 O5 P"
575,1.90982005604401,"","C28 H42 O6"
629,5.38501390914092,"","C24 H36 N6 O4"
737,5.30316646360358,"","C23 H28 N10 O S"
1077,2.69865843234638,"","C23 H48 N10 O3 S"
4536,2.46617027869006,"3,7-Dimethyl-2E,6E-decadien-1,10-dioic acid","C12 H18 O4"
6302,4.11510412875527,"3,7-Dimethyl-2E,6E-decadien-1,10-dioic acid","C12 H18 O4"
1684,3.41101532110809,"","C16 H8 O4"
2301,2.00478159859705,"","C18 H39 N6 O2 P S2"
2591,2.85015306820263,"","C26 H52 N6 O S2"
3255,2.48322205978599,"N-palmitoyl tyrosine","C25 H41 N O4"
2667,3.22258024447525,"2-oxo-heneicosanoic acid","C21 H40 O3"
30,4.54119696789835,"","C30 H44 N4 O2"
99,1.43367962693356,"",""
119,1.46533437406413,"","C73 H116 N4 O11"
211,0.534310321116594,"FAHFA 3:0/26:2","C29 H52 O4"
492,1.22396495978306,"ST 24:2;O4","C24 H38 O4"
664,1.52099512405153,"","C23 H53 N4 O5 P"
753,1.98133522321269,"Ximaosteroid C","C25 H36 O4"
754,1.98133522321269,"Oblatone C","C25 H38 O5"
1090,6.74016901464175,"ST 24:2;O4","C24 H38 O4"
1164,5.77550891052265,"Stoloniferone F","C28 H46 O5"
5376,4.193863098279,"all-trans-7-hydroxyhexadeca-2,4,8,10-tetraenoic acid","C16 H24 O3"
1209,3.64386844004926,"1-O-(2R-methoxy-4Z,7Z,10Z,13Z,16Z-docosapentaenyl)-sn-glycerol","C26 H44 O4"
1815,0.828887638667918,"icas#18","C26 H37 N O7"
1991,2.45044907700751,"Ophiobolin R","C26 H38 O4"
2361,1.75584300261716,"","C20 H41 N8 O2 P S"
2593,5.87362417119795,"","C16 H20 N6 O2"
4041,3.67458905055406,"","C10 H17 N O3 P2 S"
5008,2.54031202926859,"Thapsic acid","C16 H30 O4"
5153,3.20232172167858,"","C5 H13 N8 P"
1243,2.54785081811194,"1,25-dihydroxy-2,4-dinor-1,3-secovitamin D3 / 1,25-dihydroxy-2,4-dinor-1,3-secocholecalciferol","C25 H42 O3"
1497,2.93501705929817,"PG(18:0/22:6(4Z,7Z,10Z,13Z,16Z,19Z))","C46 H79 O10 P"
1596,1.53071093794633,"PGF2alpha","C20 H34 O5"
3112,2.70762456654531,"Kammogenin","C27 H40 O5"
5,0.830339411428649,"PS(16:0/22:2(13Z,16Z))","C44 H82 N O10 P"
6,0.045505756726457,"3-pentadecynoic acid","C15 H26 O2"
18,0.652169299933323,"16-methyl-6Z,9Z,12Z-heptadecatrienoic acid","C18 H30 O2"
23,0.045505756726457,"4-keto pentadecanoic acid","C15 H28 O3"
69,6.05750567257185,"","C24 H32 N2 O6"
73,0.898259559064838,"9,12-hexadecadienoic acid","C16 H28 O2"
83,1.26605551709344,"2-hydroxy palmitic acid","C16 H32 O3"
94,5.19649622719533,"ST 24:1;O4","C24 H40 O4"
98,6.3006588734594,"Heterofibrin A3","C24 H34 O6"
129,0.831024077598541,"Methyl 7-oxo-11E-tetradecenoate","C15 H26 O3"
134,2.54998316325408,"","C48 H77 N4 P3"
137,0.337383329588462,"4-keto pentadecanoic acid","C15 H28 O3"
139,1.53861438696742,"2-hydroxy palmitic acid","C16 H32 O3"
149,1.52003463704819,"","C18 H26 O4"
167,1.04251581136574,"Aurentiacin","C18 H18 O4"
201,2.72953521561723,"17-hydroxy-1-oxo-2,3-seco-androstan-3-oic acid","C19 H30 O4"
209,2.93453307668901,"Dryopterin","C17 H14 O7"
210,0.307177125067073,"5-methyl-2E-tridecenoic acid","C14 H26 O2"
228,5.47356360753758,"","C24 H26 N6 O"
276,0.914657387515704,"","C15 H24 N6 O2"
313,1.1673246310396,"Ambrettolic acid","C16 H30 O3"
334,3.32006986068037,"ST 24:1;O4","C24 H40 O4"
360,1.13282656448823,"9-hydroxy-10-Octadecen-12-ynoic acid","C18 H30 O3"
405,1.88777290098843,"LMST01010250","C27 H44 O4"
422,2.31354442904593,"7,9,13,17-tetramethyl-7S,14S-dihydroxy-2E,4E,8E,10E,12E,16-octadecahexaenoic acid","C22 H32 O4"
453,1.92102530045828,"Dormatinone","C27 H44 O3"
491,6.51381584909245,"","C24 H33 N3 O9"
497,2.3990179314095,"Colocynthenin F","C32 H48 O10"
537,0.658895755821338,"","C46 H84 N9 O4 P S"
540,0.837978640933212,"18:2-Glc-cholesterol","C51 H86 O7"
618,3.56465402955727,"PS 2:0_19:0","C27 H52 N O10 P"
633,4.88237112845176,"","C19 H28 O5"
643,2.89088303743915,"14-hydroxy-12-tetradecenoic acid","C14 H26 O3"
675,4.53170315492114,"Zooxanthellactone","C22 H30 O2"
690,1.12892200488347,"threo-9,10-Dihydroxystearic acid","C18 H36 O4"
697,0.401563941090373,"","C30 H48 N4 O"
711,2.64738853102795,"","C27 H48 Cl N O4 S"
728,3.17375820544691,"Methyl 8-hydroxy-11E,17-Octadecadien-9-ynoate","C19 H30 O3"
751,4.12376605422904,"","C24 H18 N10 O4"
780,4.7393149072679,"","C17 H24 O4"
808,0.579536798734033,"Apuleirin","C20 H20 O9"
829,0.977062909938845,"4,8,12,15,18-eicosapentaenoic acid","C20 H30 O2"
845,4.7393149072679,"methyl 8-[2-(2-formyl-vinyl)-3-hydroxy-5-oxo-cyclopentyl]-octanoate","C17 H26 O5"
852,2.00894844477157,"","C30 H45 N5 O2 S"
953,1.22640807511192,"LMST01060030","C32 H54 O7"
1044,4.17282205627256,"","C37 H55 N O4 S"
1062,4.34359097884566,"18-Oxocortisol","C21 H28 O6"
1148,1.91971587268937,"","C20 H38 Cl N4 O3 P"
1451,2.66109852788101,"","C33 H52 N4 O3"
3104,0.22746896605849,"Armatinol A","C30 H48 O4"
3791,2.95608939120716,"LMST02010018","C18 H22 O4"
4519,1.79253853599348,"10-Hydroxy-3,7-dimethyl-2E,6E-decadienoic acid","C12 H20 O3"
1059,1.32971792382177,"FAHFA 3:0/22:4","C25 H40 O4"
1699,2.96915200271882,"sarmentogenin","C24 H36 O4"
1703,1.75585645806089,"Lesquerolic acid","C20 H38 O3"
1725,2.1169836502743,"LMPR0106180020","C32 H52 O7"
1811,1.0521467615184,"3beta-Hydroxy-5alpha,6alpha-epoxy-9-oxo-9,10-seco-5-cholest-7-en-11-al","C27 H42 O4"
2197,1.26213516320151,"FAHFA 3:0/22:4","C25 H40 O4"
2220,2.73059823872322,"","C22 H35 N7 O4"
2309,2.40870507452172,"LMST01031185","C28 H42 O5"
142,4.07747222441154,"PI(22:0/12:0)","C43 H83 O13 P"
562,3.05841861844789,"Pentalinonside","C28 H42 O7"
992,1.28341602006326,"6-Bromo-5E,9Z,13Z,24Z-heptacosatetraenoic acid","C26 H43 Br O2"
2346,1.28355660377833,"","C18 H25 Cl N6"
4204,2.06034345845511,"","C12 H22 S2"
6764,2.58827142206181,"Tetranor-PGE1","C16 H26 O5"
329,0.26338479585219,"9-(3,5-dimethylfuran-2-yl)-nonanoic acid","C15 H24 O3"
388,2.04521531232962,"","C50 H78 O8"
564,1.23569274417896,"","C43 H74 N2 O10 P2 S2"
683,0.869343734942843,"","C19 H22 N4 O"
713,2.07506919238156,"FAHFA 2:0/26:2","C28 H50 O4"
805,0.732073444278871,"","C38 H76 N8 O6 P2"
977,1.78736830562034,"","C27 H30 N4 O3 S"
989,4.21294817597651,"PI O-18:0_16:3","C43 H79 O12 P"
997,5.20929665370577,"alpha-hydroxy myristic acid","C14 H28 O3"
1039,0.391892821942648,"5Z,8Z,11Z,14Z-Eicosatetraenedioic acid","C20 H30 O4"
1054,0.990767528307239,"","C35 H24 N2 O"
1109,2.28174773588085,"methyl 8-[3,5-epidioxy-2-(3-hydroperoxy-1-pentenyl)-cyclopentyl]-octanoate","C22 H36 O6"
1132,1.42868603742338,"","C16 H10 O3"
1151,1.45221977985616,"FAHFA 20:2/5:0","C25 H44 O4"
1174,1.29694675712126,"","C30 H47 N5 O S"
1186,0.461677458025686,"","C21 H31 N4 O2 P3 S"
1224,2.18011677069821,"","C23 H32 S"
1261,6.19173672894179,"17-phenyl-trinor-PGE2","C23 H30 O5"
1267,0.857178298783627,"PG(18:0/22:1(11Z))","C46 H89 O10 P"
1325,2.1398592113702,"LMST01060029","C32 H54 O6"
1378,1.21033433948558,"","C22 H49 N8 O5 P"
1490,5.71659259903545,"","C20 H29 N O5"
1558,3.54548896810697,"",""
1610,1.55972205578115,"",""
1707,2.54104810034321,"LMST01010257","C27 H42 O3"
1708,1.31696152031603,"1alpha-hydroxy-21-nor-20-oxavitamin D3 / 1alpha-hydroxy-21-nor-20-oxacholecalciferol","C25 H40 O3"
1736,2.27970671270242,"Resolvin T1","C22 H34 O5"
1762,0.807799264568539,"PGF2alpha","C20 H34 O5"
1776,5.11187367940256,"","C26 H36 O6 S"
1787,1.81454404689658,"LMST01060018","C32 H52 O6"
1875,0.781377698030581,"","C27 H43 N8 O5 P"
1882,1.24974129529081,"2-(5-((2Z,5Z,8Z,11Z)-tetradeca-2,5,8,11-tetraen-1-yl)furan-2-yl)-ethanoic acid","C20 H26 O3"
2118,1.28558082214765,"Theonellasterol G","C30 H50 O4"
2163,1.60179652151348,"","C15 H30 O2 S"
2171,3.89004102020905,"","C20 H46 Cl N7 O2 S2"
2485,2.26605551709344,"","C21 H37 N5"
2786,2.01007029112512,"Gallicynoic acid H","C16 H28 O4"
3093,3.27965657595017,"","C25 H38 O3"
76,2.86029648266024,"ST 24:1;O4","C24 H40 O4"
445,2.03456446859472,"13-keto-9Z-octadecenoic acid","C18 H32 O3"
456,5.10925983493877,"LMST05040008","C29 H51 N O6 S"
844,1.99930123115991,"","C23 H44 Cl O P3"
893,1.02074159825878,"threo-9,10-Dihydroxystearic acid","C18 H36 O4"
1165,4.72079873817264,"Teasterone","C28 H48 O4"
1867,4.64671760909269,"","C28 H43 N5 O2 S"
5456,6.74950329889692,"2-hydroxy-tridecanoic acid","C13 H26 O3"
5641,3.41240035330756,"11-Hydroxy-9-tridecenoic acid","C13 H24 O3"
6670,4.01897036457462,"N-decanoyl-homoserine lactone","C14 H25 N O3"
1677,6.79042534571616,"5Z,8Z,11Z,14Z-Eicosatetraenedioic acid","C20 H30 O4"
2064,0.817348959333676,"icas#18","C26 H37 N O7"
2520,5.16012292442719,"17-hydroxy-1-oxo-2,3-seco-androstan-3-oic acid","C19 H30 O4"
2559,1.8573715169274,"Drophiobiolin B","C25 H34 O4"
2739,5.29281076344742,"","C21 H51 N8 O4 P S"
3384,1.92755095872469,"FAHFA 2:0/22:2","C24 H42 O4"
3578,1.95090245464469,"(23S)-1alpha-hydroxy-25,27-didehydrovitamin D3 26,23-lactone","C27 H38 O4"
1262,2.15611625271243,"","C22 H43 N4 O5 P"
1625,2.87593378225773,"ibha#18","C26 H37 N O8"
2016,2.90499425785057,"Ambrettolic acid","C16 H30 O3"
7,6.76459155583927,"LMST04010145","C24 H38 O5"
13,0.374329516594859,"ST 24:1;O4","C24 H40 O4"
96,0.88359642333922,"13-keto-9Z-octadecenoic acid","C18 H32 O3"
107,3.44544612731596,"ST 24:1;O5","C24 H40 O5"
132,1.02312220502208,"PI(16:0/18:1(9Z))","C43 H81 O13 P"
145,3.68461814937274,"FAHFA 9:0/9:0","C18 H34 O4"
151,0.764687976787242,"9-hydroxy-10-Octadecen-12-ynoic acid","C18 H30 O3"
152,1.20066426570391,"",""
166,0.481749465538978,"PI(12:0/22:2(13Z,16Z))","C43 H79 O13 P"
238,2.37073201658156,"FAHFA 13:0/16:2","C29 H52 O4"
239,1.31633765168899,"15-hydroxy-tetracosa-6,9,12,16,18-pentaenoic acid","C24 H38 O3"
287,1.20607484124996,"2-deoxyecdysone","C27 H44 O5"
299,1.69254279181299,"Certonardosterol L","C27 H46 O5"
328,1.04401267176124,"","C25 H44 N4 O2"
416,2.34699161379254,"","C48 H81 N4 P3"
441,2.36401801752817,"LMFA08020334","C18 H33 N O4"
442,0.653001822908196,"Fulvyne H","C48 H76 O9"
469,0.447401427687403,"","C22 H52 N6 O3 S"
471,3.37546784737929,"Methyl 7-oxo-11E-tetradecenoate","C15 H26 O3"
523,3.72344572856415,"LMST05040008","C29 H51 N O6 S"
580,3.2081954724227,"LMST05040008","C29 H51 N O6 S"
583,1.85711080439704,"PG(O-20:0/17:2(9Z,12Z))","C43 H83 O9 P"
585,4.18931938827115,"Bufotalin","C26 H36 O6"
601,2.82840243783451,"","C23 H50 N5 O5 P S"
639,2.94544823724526,"Viscutin 1","C27 H26 O11"
642,2.99041871099006,"","C23 H53 N4 O5 P"
656,2.13884575809255,"6alpha-Hydroxycastasterone","C28 H50 O5"
695,1.25641461391856,"Certonardosterol L","C27 H46 O5"
787,3.19616941284303,"PS 2:0_19:0","C27 H52 N O10 P"
789,2.65934912868974,"","C35 H26 N2 O"
812,2.07205574142423,"","C19 H20 N2 O2"
825,0.474658200924859,"FAHFA 2:0/16:1","C18 H32 O4"
853,5.58986760747817,"","C28 H42 O6"
861,5.25249541167423,"","C44 H79 N4 O7 P"
924,1.90832992838526,"13-keto-9Z-octadecenoic acid","C18 H32 O3"
935,1.07900694743788,"Malyngic acid","C18 H32 O5"
969,2.93627528752338,"Viscutin 1","C27 H26 O11"
972,1.88865058969609,"LMST01160025","C28 H40 O7"
1075,0.970090819783076,"Certonardosterol I","C29 H50 O5"
1089,2.02161690594413,"","C18 H43 Cl N9 O4 P"
1135,2.36466396945992,"7-oxo-11E-Tetradecenoic acid","C14 H24 O3"
1268,3.74512579440482,"Daidzein","C15 H10 O4"
1288,4.69002112461285,"","C26 H24 O9"
1389,0.651412942138222,"","C49 H56 N8 O8"
1484,1.66598481283606,"FAHFA 3:0/24:4","C27 H44 O4"
2046,0.906531209397995,"Certonardosterol J","C29 H50 O4"
2425,1.04401267176124,"","C27 H48 N4 O4"
1337,5.6960055117537,"3-methyl-tetradecanedioic acid","C15 H28 O4"
4004,3.57690172008182,"alpha-hydroxy myristic acid","C14 H28 O3"
203,0.97828703225254,"3'-Hydroxydaidzein","C15 H10 O5"
569,0.736690276709735,"","C43 H83 O11 P"
589,1.72469924253721,"LMST01160025","C28 H40 O7"
767,6.91212393527707,"","C40 H84 N2 O8 P2"
843,2.35364903814085,"","C34 H47 N O8"
1107,0.559469271866168,"","C52 H82 N4 O5"
1251,1.63222443518958,"FAHFA 2:0/22:3","C24 H40 O4"
1279,1.72421009607203,"Asperitaconic acid A","C12 H20 O5"
1661,6.22228312597784,"LMPK12120535","C26 H32 O6"
1856,5.30864658357169,"7,9,13,17-tetramethyl-7S,14S-dihydroxy-2E,4E,8E,10E,12E,16-octadecahexaenoic acid","C22 H32 O4"
1879,1.0490564374948,"11-deoxy-11-methylene-15-keto-PGD2","C21 H32 O4"
1973,3.56468618119761,"7-hydroxy-10E,16-heptadecadien-8-ynoic acid","C17 H26 O3"
1993,1.60712220310642,"","C19 H15 N5 O3"
2059,0.970041610674357,"FAHFA 3:0/22:4","C25 H40 O4"
2211,1.06546987740974,"Pinnasterol","C27 H42 O5"
2337,1.1789052870429,"FAHFA 2:0/26:2","C28 H50 O4"
2411,2.21533058024618,"16,16-dimethyl-PGE1","C22 H38 O5"
2728,7.40142408973433,"","C9 H26 N6 O S2"
3059,0.876987974714846,"","C57 H56 N2 O3 P2"
3103,1.91990609343788,"Urocortisone","C21 H32 O5"
3222,5.14192120233845,"","C24 H42 O5"
3721,1.7414997362753,"","C13 H22 S"
3893,1.64427360578387,"(9Z)-(7S,8S)-Dihydroxyoctadecenoic acid","C18 H34 O4"
854,3.0329377107157,"16,16-dimethyl-PGD2","C22 H36 O5"
1199,1.47887939418502,"LMGP06020080","C43 H81 O12 P"
1245,2.2163145385629,"","C30 H48 N4 O5"
1452,1.07535058256647,"",""
1579,2.5896097237639,"","C30 H46 N4 O4"
1624,4.41944146451641,"FAHFA 2:0/22:5","C24 H36 O4"
1751,1.49386803669546,"","C8 H16 O6 S"
782,5.76583888882917,"10(R)-hydroxy-8Z-octadeceneic acid","C18 H34 O3"
838,2.53402565001951,"","C35 H43 N5 O4"
2678,2.14591604787244,"16-methyl-6Z,9Z,12Z-heptadecatrienoic acid","C18 H30 O2"
3069,1.40828688421109,"","C33 H55 N P2"
3512,2.44158234813673,"","C19 H46 N4 O10 P2"
5071,3.46670328115244,"icas#18","C26 H37 N O7"
5551,2.65360116754111,"Cer 14:2;2O/5:0","C19 H35 N O3"
5702,5.37951698049682,"PGF2alpha-11-acetate methyl ester","C23 H38 O6"
81,3.24478000663845,"13-keto-9Z-octadecenoic acid","C18 H32 O3"
941,2.05290919125701,"FAHFA 2:0/16:1","C18 H32 O4"
2626,3.47911519608472,"6-Hydroxyoctadeca-7,9-diynoic acid","C18 H28 O3"
3333,2.80666774330776,"","C22 H36 N10 O S"
235,0.805864088745246,"LacCer(d18:1/12:0)","C42 H79 N O13"
304,0.6892491762695,"Dihydroxychaulmoogric acid","C18 H32 O4"
605,1.07800538994746,"Gallicynoic acid D","C18 H30 O4"
608,3.10538607833266,"","C22 H43 N4 O5 P"
720,2.61281715943316,"","C25 H26 N6 O2"
792,2.03582157024371,"FAHFA 8:0/10:0","C18 H34 O4"
970,1.43632866533886,"","C20 H40 Cl N4 O3 P"
993,1.38707829826502,"Theonellasterol G","C30 H50 O4"
1183,1.09117934006233,"7-oxo-11E-Tetradecenoic acid","C14 H24 O3"
1202,0.87847651141434,"","C52 H80 N4 O4"
1266,0.122349363263787,"15-HETE-G","C23 H38 O5"
1410,1.54710708552517,"(22S)-1alpha,25-dihydroxy-22-ethoxy-26,27-dimethyl-23,24-tetradehydro-24a-homo-20-epivitamin D3 / (22S)-1alpha,25-dihydroxy-22-ethoxy-26,27-dimethyl-23,24-tetradehydro-24a-homo-20-epicholecalciferol","C32 H50 O4"
1481,0.522010376160396,"Okanin 4'-(6''-p-coumarylglucoside)","C30 H28 O13"
1512,2.22050180013051,"","C14 H21 Cl N5 P S"
1533,0.803080417822116,"LMST01031185","C28 H42 O5"
1615,2.82081091180457,"","C16 H10 O3"
1628,0.309401805010565,"","C42 H89 N4 O5 P3"
1786,2.13165272074793,"15-oxo-11Z,13E-eicosadienoic acid","C20 H34 O3"
1789,2.17769807444787,"5Z,8Z,11Z-Eicosatrienedioic acid","C20 H32 O4"
1893,1.87013616903989,"","C25 H29 N3 O3"
1913,1.21502213099445,"LMST01031185","C28 H42 O5"
1934,1.20669945063242,"",""
1990,0.128981621177833,"6alpha-Hydroxycastasterone","C28 H50 O5"
2048,1.65602087641003,"12,13-dihydroxy-11-methoxy-9-octadecenoic acid","C19 H36 O5"
2053,2.37556750720577,"","C28 H20 N4 O6"
2256,1.69819191975098,"","C31 H45 Cl N4 O"
2376,5.10975805340807,"Ophiobolin R","C26 H38 O4"
2445,1.07084786594489,"icas#18","C26 H37 N O7"
2530,0.844643835002537,"16-methyl-6Z,9Z,12Z-heptadecatrienoic acid","C18 H30 O2"
2635,0.838167389999054,"","C27 H51 N2 P S"
3129,5.92013335077835,"","C33 H53 N5 O2 S"
256,0.813602940638996,"9-hydroxy-10-Octadecen-12-ynoic acid","C18 H30 O3"
547,2.34401004770341,"LMST01160025","C28 H40 O7"
777,1.20014208333953,"","C22 H43 N4 O5 P"
1159,1.51737232647436,"LMST01010250","C27 H44 O4"
1431,1.60183756185905,"LMPK12020250","C18 H18 O5"
2897,1.25888498676933,"","C19 H18 N2 O3"
409,0.614978449283664,"8,9,10,11-Tetrafluoro-8E,10E-dodecadien-1-ol","C12 H18 F4 O"
595,7.82709052870277,"","C18 H12 N2 O3"
1770,2.98259196631861,"FAHFA 3:0/24:4","C27 H44 O4"
2450,3.20646701348066,"3E,9Z,12Z,15Z-octadecatetraenoic acid","C18 H28 O2"
2919,2.17769807444787,"","C21 H39 Cl O4"
3098,0.869691031213544,"","C16 H20 N6 O6"
3542,1.15395053673209,"cholacalcioic acid / 25,26,27-trinorvitamin D3 24-carboxylic acid / 25,26,27-trinorcholecalciferol 24-carboxylic acid","C24 H36 O3"
3659,3.38029680123875,"","C43 H45 N2 P"
3936,0.425023380839288,"","C32 H52 N8 O5"
4010,7.26217542698688,"","C31 H38 O S"
4107,3.02525127946337,"","C14 H32 Cl N4 O2 P"
4182,6.9088172854889,"","C15 H33 Cl N2 O6"
4340,2.65065131916809,"","C14 H22 N6 O2 S2"
4345,0.376624321363355,"","C30 H48 N8 O3"
5087,2.73218251792411,"PA(17:0/0:0)","C20 H41 O7 P"
5226,2.44372491663117,"Bufogargarizin C","C24 H26 O3"
5728,1.64649246773816,"","C29 H49 N3 O5"
6380,1.08553574133852,"","C22 H32 N4 O2"
1022,2.2062764314864,"FAHFA 2:0/16:0","C18 H34 O4"
1145,4.28767647521838,"Calvasterol B","C28 H40 O4"
2948,3.96840915913386,"1,2-(8R,9R-epoxy-17E-octadecen-4,6-diynoyl)-3-(hexadecanoyl)sn-glycerol","C54 H80 O8"
3286,2.22925075115064,"","C32 H48 N4 O4"
4325,4.06175510837153,"12-hydroxy-5Z,8Z,10Z,14Z-Eicosatetraenoic acid","C20 H32 O3"
885,3.48159132102256,"Ambrettolic acid","C16 H30 O3"
1126,4.70942931026104,"","C13 H39 N10 O3 P3 S"
1278,1.07755729253888,"FAHFA 2:0/16:2","C18 H30 O4"
36,0.159632146811269,"5-methyl-2E-tridecenoic acid","C14 H26 O2"
163,1.0341072817837,"PI(22:0/12:0)","C43 H83 O13 P"
173,4.09525836589573,"","C17 H19 N O3"
197,2.24300811322089,"FAHFA 4:0/14:1","C18 H32 O4"
199,0.949312877909888,"Methyl 7-oxo-11E-tetradecenoate","C15 H26 O3"
242,0.982332459734576,"Certonardosterol L","C27 H46 O5"
292,4.62178057286329,"6alpha-Hydroxycastasterone","C28 H50 O5"
322,2.87042394744114,"","C25 H38 N4 O2"
351,8.87075678081391,"LMFA08020334","C18 H33 N O4"
394,1.28678312360933,"","C29 H52 O4"
408,6.7589114555649,"Methyl 7-oxo-11E-tetradecenoate","C15 H26 O3"
478,5.36947975290041,"2-deoxyecdysone","C27 H44 O5"
495,1.09486366347379,"punaglandin 8","C23 H33 Cl O6"
501,1.52029049564267,"","C30 H46 N4 O2"
528,2.27434872064065,"Alepric acid","C14 H24 O2"
534,2.2365738931164,"LMST01010250","C27 H44 O4"
536,1.74870801743227,"Methyl 7-oxo-11E-tetradecenoate","C15 H26 O3"
597,10.7773833474558,"LMFA08020334","C18 H33 N O4"
607,0.517272514401224,"","C30 H48 N4 O2"
609,1.39454110327043,"","C23 H46 Cl P3"
653,2.40749832374919,"","C30 H48 N4 O"
729,3.13759128376644,"Certonardosterol I","C29 H50 O5"
735,0.589379154595527,"5-methyl-2E-tridecenoic acid","C14 H26 O2"
857,4.06671196626013,"","C28 H40 O6"
952,1.57426064067419,"","C33 H42 N4 O6"
976,1.44105616298685,"","C27 H20 N4 O6"
1021,2.19370574574146,"","C26 H37 Cl O4"
1065,2.29950379908436,"Pentalinonside","C28 H42 O7"
1097,3.56239171970041,"","C29 H35 N2 P S2"
1198,3.43842006400629,"","C33 H42 N4 O6"
1218,2.20896637758865,"12-hydroxy-5Z,8Z,10Z,14Z-Eicosatetraenoic acid","C20 H32 O3"
1227,0.924577065652225,"","C30 H48 N4 O"
1238,3.40927167408617,"(24R)-1alpha,24,25-trihydroxy-22-oxavitamin D3 / (24R)-1alpha,24,25-trihydroxy-22-oxacholecalciferol","C26 H42 O5"
1358,5.5297175217478,"","C27 H33 N3 O P2"
1450,2.86542823083206,"","C30 H48 N4 O"
1503,2.69088658709661,"ST 24:1;O4","C24 H40 O4"
2582,1.25195172899767,"","C27 H20 N4 O6"
2551,2.02358841509287,"FAHFA 2:0/16:3","C18 H28 O4"
5043,2.42284467318536,"FAHFA 2:0/17:0","C19 H36 O4"
7503,5.16288464643556,"3,7-Dimethyl-2E,6E-decadien-1,10-dioic acid","C12 H18 O4"
1716,1.42402435146765,"","C19 H26 N6 O4"
1840,3.57932929508265,"3,17-dihydroxy-5,9-dioxo-4,5-9,10-diseco-androsta-1(10),2-dien-4-oic acid","C19 H26 O6"
2045,0.823572757329563,"1alpha,25-dihydroxy-19-nor-22-oxavitamin D3 / 1alpha,25-dihydroxy-19-nor-22-oxacholecalciferol","C25 H42 O4"
2088,9.30729663139892,"N-(3-hydroxy-dodecanoyl)-homoserine lactone","C16 H29 N O4"
2131,3.47399906343982,"5Z,8Z,11Z-Eicosatrienedioic acid","C20 H32 O4"
2200,1.86774166332977,"","C30 H39 N O2 S"
2568,2.23052804921473,"LMST01060030","C32 H54 O7"
2640,2.73982701348417,"16,17-epoxy-DHA","C22 H30 O3"
2692,1.32189365931633,"","C17 H29 N3 O7"
2721,0.265387102501825,"",""
2730,6.80562539660956,"Methyl 7-oxo-11E-tetradecenoate","C15 H26 O3"
2791,2.94408724217168,"(23S)-1alpha-hydroxy-25,27-didehydrovitamin D3 26,23-lactone","C27 H38 O4"
2889,1.76863282906563,"","C15 H34 N5 O2 P S"
3000,4.36028846152664,"","C25 H38 O3"
3037,6.21359402142944,"Heterofibrin A3","C24 H34 O6"
3194,5.42815567712762,"","C19 H22 N2 O4"
3236,8.96732241526113,"N-(3-hydroxy-decanoyl)-homoserine lactone","C14 H25 N O4"
3437,1.30932383027188,"SM 8:0;2O/4:0","C17 H37 N2 O6 P"
3452,1.61314307284306,"","C15 H34 N2 O S3"
3786,2.01184275958392,"","C9 H14 N6 O4"
4120,1.97727806614034,"","C19 H28 N4 S"
5462,5.11513807571848,"Khellin","C14 H12 O5"
994,3.54680789890891,"Certonardosterol L","C27 H46 O5"
1568,2.18179404633928,"6-Bromo-5E,9Z,13Z,24Z-heptacosatetraenoic acid","C26 H43 Br O2"
1595,4.56770016220131,"",""
1987,1.76717182398089,"","C20 H39 N8 O3 P S"
2146,1.1319243321504,"","C26 H55 N4 O7 P"
2504,1.51993856548429,"Gallicynoic acid H","C16 H28 O4"
2686,4.50933937121337,"12-hydroxy-5Z,8Z,10Z,14Z-Eicosatetraenoic acid","C20 H32 O3"
2867,0.90712520547657,"Ambrettolic acid","C16 H30 O3"
1464,4.32392818282435,"","C20 H31 N6 O5 P"
1537,1.21530100448976,"Cholesterol glucuronide","C33 H54 O7"
2362,1.77034144149338,"","C33 H40 N4 O6"
3082,0.366419923510837,"","C35 H40 N4 O6"
4392,1.22525156776278,"","C15 H33 N7 O S"
4636,5.0810223121149,"4E,7Z,10Z-Tridecatrienyl acetate","C15 H24 O2"
3190,1.77983908925058,"16,16-dimethyl-PGE1","C22 H38 O5"
3643,1.95529222342997,"11-Hydroxy-9-tridecenoic acid","C13 H24 O3"
3712,1.62927949281753,"LMST01010348","C33 H54 O6"
5182,1.21945963619597,"","C15 H28 O2 S"
5346,0.960761915224743,"FAHFA 2:0/21:0","C23 H44 O4"
5738,1.90870964644408,"9-deoxy-9-methylene-16,16-dimethyl -PGE2","C23 H38 O4"
1933,2.26961285269125,"9-oxo-7E-hexadecenoic acid","C16 H28 O3"
3318,2.07341043915104,"14-hydroxy-12-tetradecenoic acid","C14 H26 O3"
3776,4.09336914617849,"FAHFA 2:0/16:0","C18 H34 O4"
6996,2.70417258540089,"","C10 H16 O5"
526,1.67140758005248,"","C33 H46 N4 O6"
685,1.81202871216032,"Colocynthenin F","C32 H48 O10"
769,1.56160357015164,"5,8,12-Trihydroxy-9-octadecenoic acid","C18 H34 O5"
796,1.27434872064065,"","C38 H87 N10 O4 P3"
799,6.82350270571014,"N-[9,10-Dihydrojasmonoyl]isoleucine","C18 H31 N O4"
1080,2.59031602824841,"2-deoxyecdysone","C27 H44 O5"
1092,1.96282385247364,"","C22 H45 N3 O2 P2 S"
1140,1.29856916431785,"LMST01010250","C27 H44 O4"
1166,2.83849154291227,"","C26 H39 Cl O4"
1222,1.94111800959023,"","C30 H46 N4 O2"
1226,0.829991546064598,"","C24 H22 N6 O"
1333,0.700154031019789,"","C30 H48 N4 O"
1352,3.19718244522395,"3E,9Z,12Z,15Z-octadecatetraenoic acid","C18 H28 O2"
1427,4.18154194065934,"","C24 H31 N3 O9"
1642,0.876290395341163,"Certonardosterol I","C29 H50 O5"
1650,1.52389101858032,"","C23 H48 N10 O3 S"
1658,5.93708825825157,"ST 24:2;O4","C24 H38 O4"
1738,2.20276329985757,"","C49 H54 N8 O8"
1807,2.13610754936403,"FAHFA 22:5/5:0","C27 H42 O4"
2015,2.22014783345785,"Peltogynan-4-alpha-ol","C16 H14 O6"
2092,3.17159017812821,"","C45 H55 N2 O5 P3"
2176,0.418789677102616,"","C26 H53 N4 O2 P S"
2214,1.09158318227383,"LMST04010145","C24 H38 O5"
2240,2.3572994950995,"","C19 H37 Cl N6 O3 S"
2310,2.42935695333127,"9-oxo-7E-hexadecenoic acid","C16 H28 O3"
2415,1.23435502721936,"9-deoxy-9-methylene-16,16-dimethyl -PGE2","C23 H38 O4"
2648,2.49543400204741,"Resolvin T1","C22 H34 O5"
2844,1.29878753241064,"","C25 H48 N2 O4 S"
2896,7.79709559610184,"Cer 12:2;2O/6:0","C18 H33 N O3"
258,1.23626235112311,"FAHFA 2:0/16:1","C18 H32 O4"
832,1.08729338345485,"LMST01010262","C27 H46 O4"
1423,0.599430084438195,"Certonardosterol I","C29 H50 O5"
227,1.30768620938888,"SM 8:0;2O/4:0","C17 H37 N2 O6 P"
574,2.0654549834341,"4E,7Z,10Z-Tridecatrienyl acetate","C15 H24 O2"
1127,1.95794158250956,"","C19 H28 N10 O6"
1730,1.31212347862251,"16:4(4Z,7Z,10Z,13Z)","C16 H24 O2"
2115,0.6850997524271,"",""
2180,2.67207319723189,"","C20 H40 N5 O6 P"
2275,0.163729966183801,"","C12 H20 N6 O2"
2567,1.00229465433462,"FAHFA 20:3/5:0","C25 H42 O4"
2584,0.282630705517467,"","C21 H28 N4 O2 S"
3010,3.13009689128693,"","C19 H23 N O6"
3300,2.10397298744197,"","C35 H32 N6 O5"
3477,2.98503544189975,"","C16 H23 N5 O4 S"
3553,2.29120578418902,"PI(P-16:0/0:0)","C25 H49 O11 P"
3590,2.69739594226665,"Panaquinquecol 6","C19 H26 O4"
3599,1.6771091888938,"12-oxo-14,18-dihydroxy-9Z,13E,15Z-octadecatrienoic acid","C18 H28 O5"
3817,1.34126657590954,"","C20 H36 N7 O4 P"
3916,1.01289546217656,"16-methyl-6Z,9Z,12Z-heptadecatrienoic acid","C18 H30 O2"
4160,3.42555658180396,"16,17-epoxy-DHA","C22 H30 O3"
4191,3.3897060889275,"","C28 H24 N10 O4"
4292,6.37846630199094,"FAHFA 2:0/26:2","C28 H50 O4"
4430,3.11987505524665,"","C43 H43 N8 O8 P3 S"
4520,5.29619027738157,"","C17 H19 N O4"
4639,8.78263464094558,"","C18 H30 O3 S"
4841,1.64356108871289,"5Z,8Z,11Z,14Z-Eicosatetraenedioic acid","C20 H30 O4"
4987,2.67376269712987,"Batatasin IV","C15 H16 O3"
5033,3.33925290134619,"FAHFA 22:5/6:0","C28 H44 O4"
5137,5.68819627157994,"N-(3-hydroxy-decanoyl)-homoserine lactone","C14 H25 N O4"
5237,6.14969588175468,"","C16 H12 N2 O3"
6539,1.6016797181619,"","C22 H32 N4 O2"
864,2.13681362328807,"LMST04010145","C24 H38 O5"
2540,6.95139157090389,"N-tetradecanoyl-homoserine lactone","C18 H33 N O3"
2988,1.58008573015152,"Certonardosterol J","C29 H50 O4"
3044,1.61817748649514,"","C20 H41 N8 O3 P S"
3605,1.86269430942313,"Thapsic acid","C16 H30 O4"
32,2.27421167699066,"ST 24:1;O5","C24 H40 O5"
212,1.53616309074351,"FAHFA 3:0/26:2","C29 H52 O4"
345,5.08112789866925,"LMST01010262","C27 H46 O4"
364,5.18589110676005,"","C24 H26 N6 O"
444,0.949137887667296,"","C23 H53 N4 O3 P"
529,6.09324994895706,"","C25 H28 N6 O2"
545,6.77537939662598,"","C28 H35 N3 O2 P2"
621,0.945965248321675,"FAHFA 2:0/16:3","C18 H28 O4"
672,1.8187653551662,"FAHFA 2:0/16:1","C18 H32 O4"
718,7.96836496033929,"N-[9,10-Dihydrojasmonoyl]isoleucine","C18 H31 N O4"
867,0.696018183323536,"","C30 H48 N4 O3"
907,2.3252415812923,"threo-9,10-Dihydroxystearic acid","C18 H36 O4"
1001,5.727597270485,"9-hydroxy-10-Octadecen-12-ynoic acid","C18 H30 O3"
1221,1.83525566037132,"LMST01010250","C27 H44 O4"
1280,5.15026825238252,"1a,1b-dihomo-15-deoxy-delta-12,14-PGJ2","C22 H32 O3"
5623,2.0559940226126,"15-hydroxy-tetracosa-6,9,12,16,18-pentaenoic acid","C24 H38 O3"
4142,2.10881253581181,"9-oxo-7E-hexadecenoic acid","C16 H28 O3"
949,0.431844559712664,"PS 2:0_19:0","C27 H52 N O10 P"
1237,3.0893237827454,"","C24 H48 N9 O3 P S"
1307,2.38439360088326,"","C24 H29 N3 O9"
1778,8.41599262495066,"Cer 12:2;2O/6:0","C18 H33 N O3"
2170,3.57549984909778,"PI(16:1(9Z)/22:4(7Z,10Z,13Z,16Z))","C47 H81 O13 P"
2260,2.84887613487159,"","C23 H16 N10 O4"
2421,2.67935943139709,"","C43 H41 N2 O2 P3"
2475,2.92701141019582,"","C24 H24 N6 O"
2698,3.18817348038668,"","C18 H18 N4 O S"
2725,1.03499895391264,"Herbasterol","C27 H48 O6"
2827,1.81088368311822,"","C23 H24 N6 O"
3170,0.737004746580702,"","C37 H40 N6 O14 P2"
3171,2.53578833899289,"","C34 H32 O3 P2"
3174,2.82840243783451,"FAHFA 2:0/16:3","C18 H28 O4"
3348,4.71001475076812,"PA(18:4(6Z,9Z,12Z,15Z)/0:0)","C21 H35 O7 P"
3525,1.11110826042639,"3beta-Hydroxy-5alpha,6alpha-epoxy-9-oxo-9,10-seco-5-cholest-7-en-11-al","C27 H42 O4"
3555,1.16922659089484,"LMST01060030","C32 H54 O7"
3626,1.05806633496099,"","C19 H23 N O6"
3743,6.02488520082265,"","C22 H51 N6 O4 P S"
3746,1.34630684339594,"PG 2:0_17:1","C25 H47 O10 P"
3774,1.53012202461768,"","C14 H34 Cl N4 O2 P"
3822,6.1836134140705,"N-jasmonoyl-isoleucine","C18 H29 N O4"
3876,1.74801475219442,"PGF2alpha","C20 H34 O5"
3926,1.40959488666625,"Episceptrumgenin","C27 H40 O3"
3946,1.00850653377413,"FAHFA 2:0/16:3","C18 H28 O4"
4016,1.04365302729168,"","C26 H46 N10 O S"
4037,0.644842168141153,"3beta-Hydroxy-5alpha,6alpha-epoxy-9-oxo-9,10-seco-5-cholest-7-en-11-al","C27 H42 O4"
4088,0.838632287002453,"Armatinol A","C30 H48 O4"
4112,0.64223856537047,"","C24 H49 N O9"
4330,2.9242936894932,"LMST01060018","C32 H52 O6"
4434,0.883653690753143,"Ptilodene","C20 H28 O4"
1305,1.12566596137463,"FAHFA 2:0/16:1","C18 H32 O4"
1647,1.14645912533557,"15-oxo-11Z,13E-eicosadienoic acid","C20 H34 O3"
1828,5.72079873817264,"LMST01010262","C27 H46 O4"
2127,3.33136270506536,"(9Z)-(7S,8S)-Dihydroxyoctadecenoic acid","C18 H34 O4"
2134,2.13219333794384,"","C27 H49 N8 O4 P"
1868,8.73792071983803,"15-isoLG hydroxylactam-ethanolamine","C22 H35 N O6"
2553,8.79567415096811,"","C16 H27 N7 O2"
3177,0.457486613915882,"10,11-epoxy-3,7,11-trimethyl-2E,6E-tridecadienoic acid","C16 H26 O3"
3421,1.07878330325016,"3E,9Z,12Z,15Z-octadecatetraenoic acid","C18 H28 O2"
5621,1.56506930082056,"","C9 H20 N3 O2 P S"
7023,2.5112521452124,"","C13 H19 N10 O P"
4722,2.38934661736176,"16,16-dimethyl-PGD2","C22 H36 O5"
5474,1.78075941681149,"15-deoxy-delta-12,14-PGJ2","C20 H28 O3"
6557,2.16891243920938,"","C26 H42 N4 O"
2912,2.78135706081479,"10-oxo-nonadecanoic acid","C19 H36 O3"
112,4.68384336345905,"","C22 H28 N2 O4"
380,1.41990662438779,"FAHFA 3:0/15:1","C18 H32 O4"
958,1.08862420226057,"","C46 H63 N2 O13 P"
1179,1.3029742162813,"1a,1b-dihomo-15-deoxy-delta-12,14-PGJ2","C22 H32 O3"
1242,1.75147433501638,"FAHFA 2:0/16:1","C18 H32 O4"
1256,1.40700427376561,"2,5-dimethyl-2E-tridecenoic acid","C15 H28 O2"
1590,1.77047976518212,"","C23 H28 N10 O2 S"
1623,1.11243344154549,"FAHFA 2:0/16:2","C18 H30 O4"
1726,0.401452900679844,"Neolinderatin","C35 H46 O4"
1748,0.717174978101614,"FAHFA 2:0/16:2","C18 H30 O4"
1782,1.22484449827977,"LMST01010336","C29 H48 O5"
2055,5.1836245202752,"","C25 H37 N O6"
2160,4.4917892607121,"","C22 H28 N2 O4"
2198,0.955379708653442,"FAHFA 18:5/4:0","C22 H32 O4"
2202,1.51026096157025,"","C26 H30 N6 O"
2216,1.13808410800007,"9-hydroxy-10-Octadecen-12-ynoic acid","C18 H30 O3"
2265,1.32771260176901,"16,17-epoxy-DHA","C22 H30 O3"
2363,2.13686215732741,"","C24 H50 N9 O3 P"
2521,7.57263373204449,"","C23 H53 N4 O3 P"
2632,6.75769427634967,"FAHFA 3:0/26:2","C29 H52 O4"
2715,1.21780171383579,"LMST01010262","C27 H46 O4"
2765,1.18594851181658,"","C46 H63 N2 O13 P"
2819,5.08199130890749,"LMST01060018","C32 H52 O6"
4252,1.04248004001272,"Pinnasterol","C27 H42 O5"
5157,4.01557996234419,"","C28 H33 N3 O2 P2"
1622,1.88638718123269,"","C45 H61 N2 O12 P"
1651,2.7186565614025,"","C34 H43 N3 O6"
2814,0.828326939967989,"3beta-Hydroxy-5alpha,6alpha-epoxy-9-oxo-9,10-seco-5-cholest-7-en-11-al","C27 H42 O4"
2935,3.08794346537248,"","C17 H29 N6 O4 P"
3157,2.94743258170347,"4S-hydroperoxy-17S-HDHA","C22 H32 O5"
3595,1.5242934318939,"ST 24:1;O4","C24 H40 O4"
3944,4.3740999466429,"","C27 H37 N3 O5"
4547,1.46485194103516,"","C26 H35 N3 O5"
4657,3.00809967026864,"",""
4727,1.51026771134326,"","C18 H32 O3 S"
5032,3.702979624291,"","C27 H20 N4 O7"
5448,2.67132150092537,"LMST04010145","C24 H38 O5"
1771,2.84197648582865,"Certonardosterol L","C27 H46 O5"
2729,2.05250416359227,"LMST01060030","C32 H54 O7"
2873,1.48722500114147,"Herbasterol","C27 H48 O6"
3071,4.0810223121149,"13-keto-9Z-octadecenoic acid","C18 H32 O3"
3671,1.85852167789483,"","C18 H30 O3 S"
3908,2.99036142462046,"PI(P-16:0/0:0)","C25 H49 O11 P"
274,2.34607081054585,"2,5-dimethyl-2E-tridecenoic acid","C15 H28 O2"
324,0.352751672839951,"","C28 H53 N2 O2 P"
413,0.957746876926213,"LMST01010262","C27 H46 O4"
427,0.851938490991794,"","C30 H48 N4 O"
447,1.30203640178737,"FAHFA 2:0/16:1","C18 H32 O4"
918,1.06999022213447,"12-hydroxy-5Z,8Z,10Z,14Z-Eicosatetraenoic acid","C20 H32 O3"
959,0.534981492032065,"","C30 H46 N4 O2"
1029,1.90598308527611,"","C30 H48 N4 O2"
1076,0.736290687009273,"","C28 H54 Cl N2 O2 P"
1206,2.26974002753852,"13-keto-9Z-octadecenoic acid","C18 H32 O3"
1254,1.0353964062993,"","C30 H48 N4 O2"
1271,1.43198707632426,"","C30 H48 N4 O6"
1342,1.68687382414068,"","C29 H52 O6"
1887,1.39587903294942,"","C30 H48 N4 O3"
822,0.568236183686854,"","C24 H49 N8 O2 P"
757,1.15912385012297,"punaglandin 8","C23 H33 Cl O6"
1544,5.3021150638193,"","C36 H41 N7 O3"
2341,0.784268648437307,"","C48 H54 N8 O7"
2549,4.81164972803368,"","C18 H34 O3 S"
2705,4.48206279295976,"","C22 H35 Cl N6 O2"
2864,0.919542756384032,"15-deoxy-delta-12,14-PGJ2","C20 H28 O3"
2954,2.02632328998808,"","C22 H45 Cl N9 O P S"
3040,4.32958822757751,"FAHFA 2:0/18:0","C20 H38 O4"
3138,0.604690463843469,"FAHFA 2:0/16:1","C18 H32 O4"
3368,2.57091009862186,"Dihomocholic acid","C26 H44 O5"
3462,3.38694566512116,"PI(16:0/0:0)","C25 H49 O12 P"
3636,1.08860168029623,"FAHFA 2:0/24:4","C26 H42 O4"
3725,1.40159379628269,"LMST01010348","C33 H54 O6"
3935,1.84638027725823,"8,11,14,18-Eicosatetraynoic acid","C20 H28 O2"
4058,2.95462106163108,"","C40 H41 N2 O4 P3"
4492,1.34560549538438,"","C17 H16 N10 O2"
4611,2.29593992200041,"LMST01031103","C30 H48 O5"
2833,2.57522740569586,"FAHFA 2:0/26:4","C28 H46 O4"
5268,3.28720092653087,"N-[9,10-Dihydrojasmonoyl]isoleucine","C18 H31 N O4"
5271,0.294232310933126,"","C39 H39 N2 O4 P3"
6744,3.90410828812222,"16-Glutaryloxy-1alpha,25-dihydroxyvitamin D3","C32 H50 O7"
7424,2.14607327564842,"","C14 H24 N6 O4 S"
2026,7.07534167873362,"N-(3-hydroxy-dodecanoyl)-homoserine lactone","C16 H29 N O4"
404,1.11487808985256,"2-hydroxy-eicosanoic acid","C20 H40 O3"
1488,3.51318404648527,"","C18 H34 O3 S"
1757,2.1385593904489,"2-deoxyecdysone","C27 H44 O5"
2665,1.54629443615619,"","C48 H52 N8 O7"
3424,0.974292267121192,"PA 2:0_24:4","C29 H49 O8 P"
3842,0.519423281698671,"","C24 H48 N9 O4 P S"
4005,2.49449960910593,"","C32 H54 N3 P S"
4145,0.628835979693322,"","C30 H40 N6 O11 P2"
4999,3.29347346540911,"","C27 H48 Cl2 N2"
5029,2.02807174754087,"","C30 H38 N6 O10 P2"
5177,0.905931377081363,"Oblatone C","C25 H38 O5"
5260,2.8801542950088,"","C42 H34 N4 O3 P2"
5620,1.2803657297805,"3-Acetoxystearic acid","C20 H38 O4"
6061,1.15215981710834,"","C30 H18 N8 O3"
6159,1.89533944793208,"","C18 H29 N6 O6 P"
6669,1.12435014991398,"","C22 H52 N6 O4 S"
6723,3.62468655435079,"N-(7Z-tetradecenoyl)-homoserine lactone","C18 H31 N O3"
1252,2.41933636440138,"FAHFA 2:0/16:0","C18 H34 O4"
2071,0.926984893239736,"6-Hydroxyoctadeca-7,9-diynoic acid","C18 H28 O3"
3977,1.38542610148159,"9-hydroxy-10-Octadecen-12-ynoic acid","C18 H30 O3"
4114,0.545319453539522,"9-hydroxy-10-Octadecen-12-ynoic acid","C18 H30 O3"
4608,1.49899025692322,"",""
4613,0.544257195006003,"9,12-hexadecadienoic acid","C16 H28 O2"
5544,5.2015196855842,"","C35 H34 N10 O P2 S"
2749,0.797283362200479,"",""
3316,2.40536328650913,"LMST04010019","C24 H40 O4"
6065,0.950134459687097,"","C23 H29 N4 O4 P"
5096,4.37850867404888,"","C24 H48 N9 O3 P"
5858,1.32898559292359,"","C20 H29 N2 P"
5927,2.2693847284392,"","C15 H23 N O3"
6735,3.15873398160408,"Gallicynoic acid E","C18 H30 O5"
7166,4.26187680890899,"","C13 H14 N4 O3"
7062,3.07535058256647,"",""
